channel_1,channel_2
-0.3463382,-0.03393699
-0.3575818,-0.015947264
-0.33413088,0.003969933
-0.35661805,0.0065398933
-0.32738474,0.034166973
-0.35276312,0.018425964
-0.33637962,0.038343154
-0.33445215,0.04733802
-0.3418408,0.029669542
-0.30200636,0.04380432
-0.37011033,0.04733802
-0.29847267,0.05826035
-0.3505144,0.08042627
-0.32577848,0.09423981
-0.28562286,0.07914129
-0.34151953,0.11544198
-0.2525346,0.105162136
-0.32385105,0.08524494
-0.25767455,0.10965957
-0.30682504,0.093597315
-0.2891566,0.10355591
-0.25831702,0.11608447
-0.32513604,0.12475809
-0.23711485,0.12829179
-0.32481477,0.14274782
-0.23486613,0.1363229
-0.27694926,0.15559761
-0.25831702,0.16009505
-0.21816139,0.14531778
-0.27052435,0.18547343
-0.17093836,0.1732661
-0.26570567,0.195432
-0.17864825,0.19029209
-0.22747749,0.18290345
-0.22940497,0.18161847
-0.18314566,0.15591887
-0.25703204,0.21149428
-0.14941494,0.19061334
-0.22201632,0.19800197
-0.16033727,0.23012649
-0.17929073,0.2259503
-0.18153945,0.23687263
-0.13110398,0.22241661
-0.2233013,0.24779497
-0.14363252,0.24169132
-0.21880387,0.277992
-0.17190209,0.2664272
-0.17382956,0.2657847
-0.2040266,0.32360885
-0.14363252,0.28088325
-0.21944636,0.3293912
-0.13881385,0.3168627
-0.20659655,0.3284275
-0.16965337,0.3554121
-0.16162224,0.34320477
-0.20820278,0.37372306
-0.12500031,0.33581614
-0.2239438,0.393319
-0.14266878,0.36280072
-0.17158085,0.3753293
-0.18924932,0.38143295
-0.15134239,0.35669708
-0.21912512,0.41355747
-0.14427502,0.38657287
-0.18539439,0.42833474
-0.15359113,0.41387868
-0.14620247,0.4373296
-0.15808856,0.41805488
-0.13303144,0.42576477
-0.17190209,0.46270797
-0.14748746,0.41484243
-0.17896947,0.4578893
-0.15551858,0.43090472
-0.15359113,0.45628306
-0.15102117,0.460138
-0.1262853,0.46688417
-0.12500031,0.4816614
-0.105083115,0.4700966
-0.11729044,0.50800353
-0.09865822,0.47909147
-0.114399225,0.49001378
-0.093197055,0.49001378
-0.091912076,0.4922625
-0.079704754,0.48615888
-0.054005142,0.4912988
-0.062036272,0.50575477
-0.022201883,0.48840755
-0.04822273,0.5163559
-0.019631919,0.50768226
-0.011279547,0.49547496
-0.016419468,0.5263145
0.008316404,0.50607604
0.014420061,0.48840755
0.038513444,0.5214958
0.032409783,0.49354747
0.0610006,0.5067186
0.04076216,0.5250295
0.07449289,0.50832474
0.0738504,0.541413
0.06806799,0.5510503
0.10083499,0.54751664
0.07288667,0.5542628
0.14388184,0.5394856
0.11914597,0.5240658
0.1699027,0.53306067
0.16797522,0.5063973
0.14966425,0.5195683
0.23158175,0.5176409
0.1487005,0.52021086
0.22387187,0.5417342
0.18596494,0.53402436
0.20009974,0.5539416
0.2540689,0.5372368
0.19849351,0.5484804
0.28137472,0.53241813
0.23704292,0.5240658
0.30354062,0.51603466
0.27559233,0.56004524
0.30868053,0.5378793
0.33984134,0.5308119
0.2797685,0.5963459
0.3889918,0.49772367
0.29422453,0.5851024
0.38674307,0.5391643
0.37292957,0.51860464
0.37517828,0.572895
0.45677453,0.49290502
0.3780695,0.5594027
0.4898628,0.5092885
0.40280536,0.5497654
0.46898186,0.5288845
0.4779767,0.51860464
0.43011117,0.55747527
0.50464004,0.51250094
0.43107492,0.56261516
0.5007851,0.54462546
0.46416318,0.5661489
0.508495,0.5577965
0.5181323,0.5645427
0.5078525,0.5433405
0.5663191,0.53306067
0.49660894,0.5613302
0.57627773,0.52759945
0.5390133,0.57964116
0.55314803,0.5632577
0.58944875,0.5594027
0.5435107,0.59216976
0.61482716,0.561009
0.5836664,0.572895
0.6366718,0.5484804
0.62253696,0.52021086
0.59651613,0.53466684
0.65434027,0.5131434
0.58238137,0.5391643
0.6469516,0.53049064
0.63056815,0.5205321
0.6270344,0.5394856
0.6861435,0.5028636
0.6353868,0.5176409
0.69353217,0.5070398
0.65851647,0.51603466
0.67265123,0.5250295
0.69449586,0.50414854
0.67265123,0.49451122
0.70702446,0.511216
0.6819673,0.49836615
0.723408,0.47748524
0.6957809,0.5208533
0.7102369,0.47812772
0.71120065,0.52117455
0.69224715,0.50960976
0.72919035,0.48326764
0.7012421,0.5067186
0.75039256,0.45692557
0.7144131,0.50382733
0.7349728,0.45724678
0.7606724,0.4729878
0.70573944,0.4951537
0.771916,0.4524281
0.74685884,0.4893713
0.75232005,0.44921565
0.7802684,0.45114315
0.7529625,0.46849036
0.77641344,0.44471824
0.786372,0.46142298
0.78958446,0.47202408
0.79633063,0.45339185
0.7979368,0.46110174
0.79633063,0.44311202
0.8050042,0.44696695
0.7944031,0.45499808
0.8078954,0.4296197
0.80661047,0.4488944
0.81881773,0.43218967
0.8207452,0.44857317
0.8156053,0.44311202
0.8448386,0.43218967
0.8075742,0.4517856
0.8596159,0.43058345
0.84001994,0.4238373
0.84419614,0.42576477
0.88692176,0.42351606
0.8461236,0.41130874
0.9026627,0.42351606
0.87021697,0.39203402
0.89463156,0.39910144
0.8904554,0.40488386
0.884673,0.37918425
0.9155125,0.38978532
0.8866005,0.36697692
0.92996854,0.39556772
0.8936679,0.37982672
0.9431396,0.3647282
0.916155,0.39010656
0.9245074,0.36023077
0.9572744,0.38464537
0.8984865,0.38143295
0.9865077,0.33388868
0.90940887,0.36023077
0.96819675,0.3293912
0.9649843,0.32071763
0.91776127,0.3595883
1.0,0.3248938
0.8972016,0.36665568
0.9893989,0.34191978
0.9306111,0.3326037
0.9434608,0.33806485
0.97558534,0.28248948
0.8907767,0.32103887
0.9910051,0.27831328
0.8811393,0.2991942
0.9389635,0.30594036
0.9068389,0.27317333
0.8917404,0.2934118
0.92482865,0.25903857
0.8692533,0.2558261
0.9396059,0.2352664
0.8252427,0.2259503
0.9396059,0.18675841
0.8512635,0.2159917
0.86154336,0.196717
0.91230005,0.18354595
0.773201,0.23012649
0.91872495,0.14499652
0.7597087,0.21277925
0.8409837,0.14724524
0.7992218,0.122509375
0.74043393,0.1710174
0.8278126,0.08974237
0.69192594,0.14885147
0.8027555,0.10484089
0.69449586,0.11993941
0.739149,0.091348596
0.720838,0.05729662
0.6755424,0.066933975
0.7250142,0.026778335
0.6427754,0.07239514
0.7166618,0.016819738
0.61996704,0.04798051
0.671045,0.03962814
0.6196458,0.01071608
0.6125784,0.008788609
0.6337806,-0.04775053
0.54318947,-0.049678
0.6058322,-0.097222276
0.48151043,-0.08662119
0.522951,-0.104289666
0.4856866,-0.09561605
0.45709577,-0.08565745
0.48086792,-0.124206856
0.41019398,-0.12741931
0.46287817,-0.18042473
0.3809607,-0.1865284
0.3889918,-0.20740934
0.3658622,-0.2157617
0.31799668,-0.19873571
0.32474282,-0.21801043
0.2833022,-0.21833166
0.2826597,-0.23535766
0.25310516,-0.24146132
0.24507405,-0.2536686
0.21134332,-0.26973087
0.19592355,-0.2806532
0.17375763,-0.27519205
0.14580931,-0.26298475
0.14034814,-0.3012129
0.10308371,-0.29221803
0.10533243,-0.30988652
0.06935297,-0.3304462
0.04943578,-0.3269125
0.033373524,-0.36995935
-0.009994566,-0.35421833
-0.012885772,-0.36835313
-0.04790149,-0.35164836
-0.04886522,-0.37799045
-0.07681355,-0.3988714
-0.07327986,-0.38794905
-0.095767014,-0.44577318
-0.13303144,-0.40465382
-0.11857542,-0.4528406
-0.19535297,-0.44545195
-0.16451345,-0.4322809
-0.21912512,-0.47757643
-0.22555003,-0.46569037
-0.24225476,-0.49171123
-0.3084313,-0.48432258
-0.27534303,-0.5080947
-0.36786166,-0.46922407
-0.31196496,-0.5080947
-0.37075284,-0.5019911
-0.35308436,-0.48175263
-0.37139535,-0.525442
-0.42311582,-0.48335886
-0.36593416,-0.5405405
-0.48897102,-0.5199808
-0.38039017,-0.5479291
-0.4880073,-0.54150426
-0.47033882,-0.5154834
-0.45620403,-0.55306906
-0.5464739,-0.507131
-0.4401418,-0.5421467
-0.5692823,-0.51676834
-0.4835099,-0.5334731
-0.5445464,-0.5447167
-0.54808015,-0.5476079
-0.55257756,-0.56559765
-0.6312826,-0.5472866
-0.55450505,-0.5826236
-0.6624434,-0.5260844
-0.58084714,-0.55628145
-0.6608371,-0.558209
-0.63481635,-0.5460016
-0.61618406,-0.58165985
-0.67689943,-0.55563897
-0.5956244,-0.57266504
-0.70998764,-0.5476079
-0.62003905,-0.57394993
-0.6984228,-0.5354005
-0.7061327,-0.55082035
-0.6560185,-0.5906547
-0.7385785,-0.5283332
-0.63738626,-0.5954734
-0.7106302,-0.54439545
-0.6810756,-0.5447167
-0.67882687,-0.5835873
-0.6948891,-0.5450379
-0.6576247,-0.57073754
-0.71577007,-0.539898
-0.6547335,-0.5742712
-0.6997078,-0.55371153
-0.6797906,-0.5585302
-0.6534485,-0.5832661
-0.69103426,-0.5450379
-0.6319251,-0.58583605
-0.65858847,-0.54150426
-0.6322464,-0.53604305
-0.6271064,-0.55306906
-0.6184328,-0.53186685
-0.59658813,-0.5408617
-0.6303189,-0.524157
-0.57474345,-0.5354005
-0.62036026,-0.524157
-0.5946607,-0.53186685
-0.57377976,-0.5350793
-0.6193965,-0.51869583
-0.54518896,-0.53797054
-0.57667094,-0.5222295
-0.55065006,-0.5077735
-0.5500076,-0.4965299
-0.542619,-0.49267498
-0.52687794,-0.48528633
-0.54165524,-0.49171123
-0.4908985,-0.49556616
-0.53683656,-0.48400137
-0.47997618,-0.5052035
-0.50824577,-0.4737215
-0.5008571,-0.47050905
-0.48029742,-0.48400137
-0.5149919,-0.45412555
-0.45620403,-0.46119297
-0.50888824,-0.4653691
-0.4545978,-0.46312043
-0.46680513,-0.4509131
-0.44688794,-0.44545195
-0.41765463,-0.42778346
-0.46295017,-0.41653988
-0.42118832,-0.43067464
-0.43789306,-0.4104362
-0.41990334,-0.42007357
-0.42343703,-0.4104362
-0.39645246,-0.40433258
-0.41219345,-0.4017626
-0.39291874,-0.38730657
-0.37300158,-0.391804
-0.40351984,-0.35357583
-0.35918802,-0.37831172
-0.39067003,-0.3519696
-0.37107408,-0.33911982
-0.38071144,-0.35710952
-0.39998615,-0.3147052
-0.39099127,-0.35453957
-0.39934364,-0.33815607
-0.38360265,-0.33173117
-0.39291874,-0.33558613
-0.3887426,-0.31952387
-0.3845664,-0.3343011
-0.38745758,-0.30635282
-0.39870116,-0.32851872
-0.36625543,-0.33365864
-0.39548874,-0.31438392
-0.39966488,-0.34458095
-0.37685648,-0.3339799
-0.42568576,-0.32659125
-0.39548874,-0.35646707
-0.4112297,-0.34650844
-0.42568576,-0.34168977
-0.40930226,-0.35004213
-0.44431797,-0.33301616
-0.4166909,-0.35100588
-0.42215204,-0.35132712
-0.43564433,-0.33076742
-0.43564433,-0.3555033
-0.46391392,-0.34361723
-0.4501004,-0.35293335
-0.49025604,-0.35518205
-0.4623077,-0.3461872
-0.47194505,-0.37413552
-0.47997618,-0.3397623
-0.45363408,-0.34490222
-0.48961353,-0.34072605
-0.4288982,-0.3426535
-0.48672232,-0.36481944
-0.4436755,-0.34490222
-0.48672232,-0.36000073
-0.50696075,-0.3532546
-0.44785166,-0.36835313
-0.5519351,-0.38409415
-0.45395532,-0.39308897
-0.54808015,-0.38859156
-0.5021421,-0.4033688
-0.49957213,-0.4033688
-0.55771744,-0.3754205
-0.48543733,-0.4146124
-0.58952075,-0.38216665
-0.47194505,-0.40626004
-0.5651061,-0.40079886
-0.5188468,-0.3802392
-0.52045304,-0.41589737
-0.58598703,-0.38313037
-0.48575857,-0.4216798
-0.61104417,-0.3998351
-0.5095307,-0.40465382
-0.5834171,-0.39501646
-0.54004896,-0.38730657
-0.50406957,-0.42521352
-0.5689611,-0.36385566
-0.48061866,-0.3898765
-0.57217354,-0.3767055
-0.50182086,-0.38313037
-0.57217354,-0.39244652
-0.5519351,-0.3946952
-0.53073287,-0.43517208
-0.5856658,-0.40658125
-0.5117794,-0.43613583
-0.58952075,-0.40112013
-0.5137069,-0.42103732
-0.54808015,-0.41204244
-0.54583144,-0.37413552
-0.50824577,-0.41429117
-0.5702461,-0.37991795
-0.49957213,-0.43324462
-0.5625362,-0.4033688
-0.5188468,-0.41589737
-0.5076033,-0.41653988
-0.5326604,-0.3696381
-0.4651989,-0.43195966
-0.5233443,-0.35229087
-0.460059,-0.40754503
-0.47194505,-0.39276773
-0.48607984,-0.34939966
-0.44849417,-0.39822888
-0.49121976,-0.3375136
-0.44560295,-0.37381425
-0.45299158,-0.3580733
-0.44753042,-0.361607
-0.44335425,-0.35871574
-0.4411055,-0.36867434
-0.4452817,-0.37188682
-0.4208671,-0.36224943
-0.4160484,-0.37349305
-0.44303298,-0.31149274
-0.38649386,-0.34361723
-0.4218308,-0.30185536
-0.38135394,-0.3086015
-0.37364402,-0.3041041
-0.39067003,-0.28354442
-0.3598305,-0.33462238
-0.38713634,-0.28836307
-0.38167518,-0.32241505
-0.3704316,-0.30956528
